platform,python,orders,symbols,seed,repeat,seconds,orders_per_second,trades,peak_traced_mb
Windows-11-10.0.26200-SP0,3.14.7,1000,5,42,1,0.009994,100063,764,0.49
Windows-11-10.0.26200-SP0,3.14.7,1000,5,42,2,0.009452,105793,764,0.49
Windows-11-10.0.26200-SP0,3.14.7,1000,5,42,3,0.009113,109730,764,0.49
Windows-11-10.0.26200-SP0,3.14.7,10000,5,42,1,0.094015,106366,8049,3.63
Windows-11-10.0.26200-SP0,3.14.7,10000,5,42,2,0.093215,107278,8049,3.63
Windows-11-10.0.26200-SP0,3.14.7,10000,5,42,3,0.092907,107634,8049,3.63
Windows-11-10.0.26200-SP0,3.14.7,100000,5,42,1,0.966209,103497,81137,33.26
Windows-11-10.0.26200-SP0,3.14.7,100000,5,42,2,0.951139,105137,81137,33.26
Windows-11-10.0.26200-SP0,3.14.7,100000,5,42,3,6.955429,14377,81137,33.26
