workload,engine,commands,symbols,seed,repeat,seconds,commands_per_second,trades,open_orders,peak_traced_mb,platform,python
mixed,indexed,100,1,42,1,0.001076,92937,62,38,,Windows-11-10.0.26200-SP0,3.14.7
mixed,linear,100,1,42,1,0.000798,125250,62,38,,Windows-11-10.0.26200-SP0,3.14.7
mixed,linear,100,1,42,2,0.000764,130822,62,38,,Windows-11-10.0.26200-SP0,3.14.7
mixed,indexed,100,1,42,2,0.001009,99088,62,38,,Windows-11-10.0.26200-SP0,3.14.7
mixed,indexed,100,1,42,3,0.001045,95721,62,38,,Windows-11-10.0.26200-SP0,3.14.7
mixed,linear,100,1,42,3,0.000775,129066,62,38,,Windows-11-10.0.26200-SP0,3.14.7
mixed,indexed,1000,1,42,1,0.009569,104510,807,188,,Windows-11-10.0.26200-SP0,3.14.7
mixed,linear,1000,1,42,1,0.007823,127830,807,188,,Windows-11-10.0.26200-SP0,3.14.7
mixed,linear,1000,1,42,2,0.007664,130473,807,188,,Windows-11-10.0.26200-SP0,3.14.7
mixed,indexed,1000,1,42,2,0.009328,107208,807,188,,Windows-11-10.0.26200-SP0,3.14.7
mixed,indexed,1000,1,42,3,0.009480,105481,807,188,,Windows-11-10.0.26200-SP0,3.14.7
mixed,linear,1000,1,42,3,0.007178,139317,807,188,,Windows-11-10.0.26200-SP0,3.14.7
mixed,indexed,5000,1,42,1,0.051419,97241,4046,908,,Windows-11-10.0.26200-SP0,3.14.7
mixed,linear,5000,1,42,1,0.045045,111000,4046,908,,Windows-11-10.0.26200-SP0,3.14.7
mixed,linear,5000,1,42,2,0.037888,131969,4046,908,,Windows-11-10.0.26200-SP0,3.14.7
mixed,indexed,5000,1,42,2,0.048635,102807,4046,908,,Windows-11-10.0.26200-SP0,3.14.7
mixed,indexed,5000,1,42,3,0.049084,101865,4046,908,,Windows-11-10.0.26200-SP0,3.14.7
mixed,linear,5000,1,42,3,0.037836,132150,4046,908,,Windows-11-10.0.26200-SP0,3.14.7
deep,indexed,100,1,42,1,0.001291,77447,50,0,,Windows-11-10.0.26200-SP0,3.14.7
deep,linear,100,1,42,1,0.000707,141383,50,0,,Windows-11-10.0.26200-SP0,3.14.7
deep,linear,100,1,42,2,0.000701,142694,50,0,,Windows-11-10.0.26200-SP0,3.14.7
deep,indexed,100,1,42,2,0.001140,87704,50,0,,Windows-11-10.0.26200-SP0,3.14.7
deep,indexed,100,1,42,3,0.000994,100634,50,0,,Windows-11-10.0.26200-SP0,3.14.7
deep,linear,100,1,42,3,0.000944,105932,50,0,,Windows-11-10.0.26200-SP0,3.14.7
deep,indexed,1000,1,42,1,0.011529,86742,500,0,,Windows-11-10.0.26200-SP0,3.14.7
deep,linear,1000,1,42,1,0.024162,41388,500,0,,Windows-11-10.0.26200-SP0,3.14.7
deep,linear,1000,1,42,2,0.024233,41267,500,0,,Windows-11-10.0.26200-SP0,3.14.7
deep,indexed,1000,1,42,2,0.011339,88190,500,0,,Windows-11-10.0.26200-SP0,3.14.7
deep,indexed,1000,1,42,3,0.012107,82595,500,0,,Windows-11-10.0.26200-SP0,3.14.7
deep,linear,1000,1,42,3,0.023300,42918,500,0,,Windows-11-10.0.26200-SP0,3.14.7
deep,indexed,5000,1,42,1,0.078142,63986,2500,0,,Windows-11-10.0.26200-SP0,3.14.7
deep,linear,5000,1,42,1,0.465667,10737,2500,0,,Windows-11-10.0.26200-SP0,3.14.7
deep,linear,5000,1,42,2,0.473766,10554,2500,0,,Windows-11-10.0.26200-SP0,3.14.7
deep,indexed,5000,1,42,2,0.067697,73858,2500,0,,Windows-11-10.0.26200-SP0,3.14.7
deep,indexed,5000,1,42,3,0.066794,74857,2500,0,,Windows-11-10.0.26200-SP0,3.14.7
deep,linear,5000,1,42,3,0.460300,10862,2500,0,,Windows-11-10.0.26200-SP0,3.14.7
cancel,indexed,100,1,42,1,0.000638,156740,0,0,,Windows-11-10.0.26200-SP0,3.14.7
cancel,linear,100,1,42,1,0.000443,225785,0,0,,Windows-11-10.0.26200-SP0,3.14.7
cancel,linear,100,1,42,2,0.000422,236686,0,0,,Windows-11-10.0.26200-SP0,3.14.7
cancel,indexed,100,1,42,2,0.000855,116986,0,0,,Windows-11-10.0.26200-SP0,3.14.7
cancel,indexed,100,1,42,3,0.000628,159363,0,0,,Windows-11-10.0.26200-SP0,3.14.7
cancel,linear,100,1,42,3,0.000433,230840,0,0,,Windows-11-10.0.26200-SP0,3.14.7
cancel,indexed,1000,1,42,1,0.007971,125448,0,0,,Windows-11-10.0.26200-SP0,3.14.7
cancel,linear,1000,1,42,1,0.017788,56217,0,0,,Windows-11-10.0.26200-SP0,3.14.7
cancel,linear,1000,1,42,2,0.015827,63183,0,0,,Windows-11-10.0.26200-SP0,3.14.7
cancel,indexed,1000,1,42,2,0.008367,119519,0,0,,Windows-11-10.0.26200-SP0,3.14.7
cancel,indexed,1000,1,42,3,0.007652,130688,0,0,,Windows-11-10.0.26200-SP0,3.14.7
cancel,linear,1000,1,42,3,0.015761,63446,0,0,,Windows-11-10.0.26200-SP0,3.14.7
cancel,indexed,5000,1,42,1,0.046748,106957,0,0,,Windows-11-10.0.26200-SP0,3.14.7
cancel,linear,5000,1,42,1,0.318988,15675,0,0,,Windows-11-10.0.26200-SP0,3.14.7
cancel,linear,5000,1,42,2,0.322263,15515,0,0,,Windows-11-10.0.26200-SP0,3.14.7
cancel,indexed,5000,1,42,2,0.046192,108244,0,0,,Windows-11-10.0.26200-SP0,3.14.7
cancel,indexed,5000,1,42,3,0.053111,94142,0,0,,Windows-11-10.0.26200-SP0,3.14.7
cancel,linear,5000,1,42,3,0.327860,15250,0,0,,Windows-11-10.0.26200-SP0,3.14.7
